{
    "2": {
        "1": 0.99321776927151,
        "2": -0.3
    },
    "3": {
        "1": -0.51,
        "2": 0.9999962118130773,
        "3": -0.3
    },
    "4": {
        "1": 0,
        "2": -0.3,
        "3": 0.9966767069430399
    },
    "5": {
        "1": -0.9999681371420015,
        "2": -0.9999680292467438,
        "3": -0.974746307173873
    },
    "6": {
        "1": 0.8993099925301012,
        "2": -0.51,
        "3": -0.3
    },
    "7": {
        "1": 0,
        "2": 0.8695522340434502,
        "3": 0
    },
    "8": {
        "1": 0,
        "2": 0.0,
        "3": 0.896183597164811
    },
    "9": {
        "1": -0.8974138418471597,
        "2": -0.7961413663096679,
        "3": -0.8973808019235554
    },
    "10": {
        "1": 0.7438751427419952,
        "2": -0.081,
        "3": -0.149607
    },
    "11": {
        "1": -0.1628362105320231,
        "2": 0.7857862603108758,
        "3": -0.21100743
    },
    "12": {
        "1": 0.20357675216802948,
        "2": 0,
        "3": 0.7598434945862657
    },
    "13": {
        "1": -0.7659291251247411,
        "2": -0.7606130881119254,
        "3": -0.5669993566380974
    },
    "14": {
        "1": 0.4853327992828509,
        "2": 0.0,
        "3": -0.104140566
    },
    "15": {
        "1": 0.0,
        "2": 0.5537628074481337,
        "3": 0
    },
    "16": {
        "1": -0.08133218648528331,
        "2": 0,
        "3": 0.6350374330039686
    },
    "17": {
        "1": -0.5974989693295341,
        "2": -0.2745464088397933,
        "3": -0.6155729144714769
    },
    "18": {
        "1": 0.3563135835257753,
        "2": -0.018724227827065017,
        "3": -0.048019996623406364
    },
    "19": {
        "1": 0,
        "2": 0.06861039198596922,
        "3": 0.0
    },
    "21": {
        "1": -0.38290013362419023,
        "2": 0.056117647863071135,
        "3": -0.4397801210681043
    }
}