{
    "2": {
        "1": 0.9999997816185623,
        "2": -0.657
    },
    "3": {
        "1": -0.3,
        "2": 0.9999999911875213,
        "3": -0.3
    },
    "4": {
        "1": -0.51,
        "2": 0,
        "3": 0.9999945883043961
    },
    "5": {
        "1": -0.9861587127989999,
        "2": -0.9811189122219436,
        "3": -0.98740442864709
    },
    "6": {
        "1": 0.8984628910805476,
        "2": 0,
        "3": 0
    },
    "7": {
        "1": -0.0762156038102671,
        "2": 0.8999987651408223,
        "3": -0.5527038956178182
    },
    "8": {
        "1": 0,
        "2": -0.18159566897025126,
        "3": 0.8999594064062084
    },
    "9": {
        "1": -0.8125963352650516,
        "2": -0.8066693836728136,
        "3": -0.7836244555904679
    },
    "10": {
        "1": 0.8099894011691167,
        "2": -0.6937051284247397,
        "3": -0.36967546296200854
    },
    "11": {
        "1": 0.0,
        "2": 0.7978855781461403,
        "3": -0.281032977914658
    },
    "12": {
        "1": 0,
        "2": -0.0030537080999999897,
        "3": 0.8000619019533626
    },
    "13": {
        "1": -0.5670651238131088,
        "2": -0.5867993818576457,
        "3": -0.571670500569496
    },
    "14": {
        "1": 0.714567150189183,
        "2": -0.2251462235897322,
        "3": -0.36915561635298133
    },
    "15": {
        "1": -0.1433095251990923,
        "2": 0.7289180383689564,
        "3": -0.0699026520299949
    },
    "16": {
        "1": 0.0,
        "2": -0.09586103340012736,
        "3": 0.7275400565805517
    },
    "17": {
        "1": -0.2549768318924511,
        "2": -0.28785644443236064,
        "3": -0.23292744553131622
    },
    "18": {
        "1": 0.6380991966926349,
        "2": -0.23231435213711954,
        "3": -0.24667292699914517
    },
    "19": {
        "1": -0.12621075932865444,
        "2": 0.6557607305123316,
        "3": -0.2724184035268319
    },
    "20": {
        "1": -0.02268467121814755,
        "2": -0.009080769434976245,
        "3": 0.6262120503865041
    }
}